{"cameraMode":{"drawMode":0,"name":"Shaded","section":"Shading Mode"},"sceneLighting":false,"audioPlay":false,"sceneViewState":{"m_AlwaysRefresh":false,"showFog":true,"showSkybox":false,"showFlares":true,"showImageEffects":true,"showParticleSystems":true,"showVisualEffectGraphs":true,"m_FxEnabled":true},"in2DMode":false,"pivot":{"x":12.433792114257813,"y":9.141661643981934,"z":6.635518550872803},"rotation":{"x":-0.12267391383647919,"y":-0.01726500689983368,"z":-0.0021393659990280868,"w":0.9923092722892761},"size":13.057350158691407,"orthographic":false}