{"cameraMode":{"drawMode":0,"name":"Shaded","section":"Shading Mode"},"sceneLighting":false,"audioPlay":false,"sceneViewState":{"m_AlwaysRefresh":false,"showFog":true,"showSkybox":false,"showFlares":true,"showImageEffects":true,"showParticleSystems":true,"showVisualEffectGraphs":true,"m_FxEnabled":true},"in2DMode":false,"pivot":{"x":-15.060126304626465,"y":2.338754177093506,"z":28.23657989501953},"rotation":{"x":0.06743095815181732,"y":0.02304757945239544,"z":-0.001558486488647759,"w":0.9974591135978699},"size":3.806713581085205,"orthographic":false}