{"cameraMode":{"drawMode":0,"name":"Shaded","section":"Shading Mode"},"sceneLighting":true,"audioPlay":false,"sceneViewState":{"m_AlwaysRefresh":false,"showFog":true,"showSkybox":true,"showFlares":true,"showImageEffects":true,"showParticleSystems":true,"showVisualEffectGraphs":true,"m_FxEnabled":true},"in2DMode":false,"pivot":{"x":-11.865306854248047,"y":-0.03013409674167633,"z":0.05099562555551529},"rotation":{"x":0.3840196430683136,"y":-0.03820823132991791,"z":0.015905259177088739,"w":0.9224040508270264},"size":15.160074234008789,"orthographic":false}