{"cameraMode":{"drawMode":0,"name":"Shaded","section":"Shading Mode"},"sceneLighting":true,"audioPlay":false,"sceneViewState":{"m_AlwaysRefresh":false,"showFog":true,"showSkybox":true,"showFlares":true,"showImageEffects":true,"showParticleSystems":true,"showVisualEffectGraphs":true,"m_FxEnabled":true},"in2DMode":false,"pivot":{"x":-0.20109105110168458,"y":-5.442455768585205,"z":4.702645301818848},"rotation":{"x":0.4481535255908966,"y":0.03136909753084183,"z":-0.015736965462565423,"w":0.8932852149009705},"size":16.84210968017578,"orthographic":false}