{"cameraMode":{"drawMode":0,"name":"Shaded","section":"Shading Mode"},"sceneLighting":true,"audioPlay":false,"sceneViewState":{"m_AlwaysRefresh":false,"showFog":true,"showSkybox":true,"showFlares":true,"showImageEffects":true,"showParticleSystems":true,"showVisualEffectGraphs":true,"m_FxEnabled":true},"in2DMode":false,"pivot":{"x":-0.20109105110168458,"y":-5.442455768585205,"z":4.702645301818848},"rotation":{"x":0.19965088367462159,"y":-0.003819434205070138,"z":0.0007796988356858492,"w":0.9798767566680908},"size":85.84187316894531,"orthographic":false}