{"cameraMode":{"drawMode":0,"name":"Shaded","section":"Shading Mode"},"sceneLighting":true,"audioPlay":false,"sceneViewState":{"m_AlwaysRefresh":false,"showFog":true,"showSkybox":true,"showFlares":true,"showImageEffects":true,"showParticleSystems":true,"showVisualEffectGraphs":true,"m_FxEnabled":true},"in2DMode":false,"pivot":{"x":-1.9117975234985352,"y":0.033275604248046878,"z":7.5113444328308109},"rotation":{"x":0.5391256213188171,"y":-0.001263134297914803,"z":0.0008086006273515523,"w":0.8422261476516724},"size":27.5855712890625,"orthographic":false}