{"cameraMode":{"drawMode":0,"name":"Shaded","section":"Shading Mode"},"sceneLighting":true,"audioPlay":false,"sceneViewState":{"m_AlwaysRefresh":false,"showFog":true,"showSkybox":true,"showFlares":true,"showImageEffects":true,"showParticleSystems":true,"showVisualEffectGraphs":true,"m_FxEnabled":true},"in2DMode":false,"pivot":{"x":0.8015098571777344,"y":-5.358617782592773,"z":4.347256660461426},"rotation":{"x":0.22135654091835023,"y":-0.1219194084405899,"z":0.027900028973817827,"w":0.9671501517295837},"size":27.054040908813478,"orthographic":false}